<books>
    <book>
        <name>Gambardella, Matthew</name>
        <title>XML Developer's Guide</title>
        <type>Computer</type>
        <price>4.95</price>
        <publish_date>2006-10-01</publish_date>
        <detail>An in-depth look at creating applications with XML.</detail>
    </book>
    <book>
        <name>Gambardella, Matthew1 </name>
        <title>XML Developer's Guide 1</title>
        <type>Computer 1</type>
        <price>414.95</price>
        <publish_date>2000-10-01</publish_date>
        <detail>An in-depth look at creating applications with XML. 1</detail>
    </book>
    <book>
        <name>Gambardella, Matthew 2 </name>
        <title>XML Developer's Guide 2</title>
        <type>Computer 2</type>
        <price>44.95</price>
        <publish_date>2010-10-01</publish_date>
        <detail>An in-depth look at creating applications with XML. 2</detail>
    </book>
</books>